Date,Open,High,Low,Close,Volume,Market-cap
24-Jul-17,226.28,227.54,222.45,224.71,431691000,21158500000
23-Jul-17,229.12,231.68,217.72,225.95,649615000,21418300000
22-Jul-17,217.86,232.70,216.87,229.48,618260000,20360100000
21-Jul-17,226.06,235.12,213.01,218.31,1006130000,21121100000
20-Jul-17,205.42,233.90,203.22,227.26,2225000000,19187800000
19-Jul-17,234.94,245.65,191.75,199.70,2328790000,21939300000
18-Jul-17,195.03,267.99,182.06,234.39,2709260000,18207400000
17-Jul-17,159.99,194.75,158.04,193.42,1669500000,14932700000
16-Jul-17,169.57,172.01,133.72,157.36,1516890000,15823100000
15-Jul-17,199.71,200.16,170.66,170.66,810452000,18630200000
14-Jul-17,209.53,211.10,187.37,199.66,749382000,19541300000
13-Jul-17,231.81,231.81,200.06,209.73,828489000,21613900000
12-Jul-17,197.15,230.77,189.59,230.77,1241190000,18377600000
11-Jul-17,211.53,220.29,183.39,197.40,1440950000,19712300000
10-Jul-17,243.01,243.07,196.97,215.36,937219000,22640500000
9-Jul-17,251.82,255.10,242.14,242.14,505118000,23454700000
8-Jul-17,245.89,273.48,236.55,251.70,754958000,22890700000
7-Jul-17,270.35,273.94,244.17,245.99,687252000,25160800000
6-Jul-17,268.86,278.48,265.51,270.55,623080000,25019500000
5-Jul-17,273.10,275.13,261.45,268.77,790256000,25406900000
4-Jul-17,282.19,287.39,273.11,273.30,687691000,26245000000
3-Jul-17,288.41,291.10,281.18,282.90,851408000,26815900000
2-Jul-17,275.12,295.51,262.52,287.99,1123330000,25572800000
1-Jul-17,293.35,293.75,268.62,274.60,1089200000,27259400000
30-Jun-17,303.15,315.17,288.44,294.92,1011800000,28161900000
29-Jun-17,328.37,330.71,297.37,302.88,1508580000,30495300000
28-Jun-17,293.04,333.10,276.41,327.93,2056550000,27207000000
27-Jun-17,272.69,293.09,227.14,293.09,1973870000,25309700000
26-Jun-17,302.95,311.46,238.65,272.69,2081810000,28111200000
25-Jun-17,323.47,332.79,284.65,303.25,1186880000,30005900000
24-Jun-17,341.63,343.62,322.09,323.70,673585000,31681300000
23-Jun-17,336.49,348.01,334.99,341.74,593207000,31195900000
22-Jun-17,337.73,342.03,330.62,336.37,925767000,31302600000
21-Jun-17,359.54,361.34,319.48,336.87,1420130000,33310500000
20-Jun-17,370.33,377.97,350.94,359.00,1020390000,34304000000
19-Jun-17,371.86,377.12,369.76,370.06,685172000,34435700000
18-Jun-17,379.52,390.58,368.84,371.46,904703000,35133800000
17-Jun-17,369.88,379.41,364.00,379.41,904653000,34231300000
16-Jun-17,361.18,373.06,341.42,370.23,1096280000,33415800000
15-Jun-17,358.51,364.44,300.70,361.93,2463450000,33158200000
14-Jun-17,397.59,399.32,342.21,359.05,1272580000,36761600000
13-Jun-17,395.69,411.18,370.06,397.54,1717380000,36574500000
12-Jun-17,341.16,414.76,341.16,401.49,2882650000,31525300000
11-Jun-17,338.79,353.01,318.17,340.61,1373220000,31296800000
10-Jun-17,282.01,350.26,282.01,337.67,1611630000,26043700000
9-Jun-17,261.75,282.76,261.75,281.74,557986000,24165000000
8-Jun-17,257.99,262.25,253.97,261.67,385494000,23810900000
7-Jun-17,264.26,264.67,254.04,258.07,461649000,24382200000
6-Jun-17,248.60,267.51,246.84,264.47,741553000,22930400000
5-Jun-17,245.26,249.47,243.05,248.46,435660000,22615800000
4-Jun-17,224.12,250.41,223.98,245.33,753820000,20659800000
3-Jun-17,223.46,225.97,219.42,224.38,427896000,20593500000
2-Jun-17,222.29,229.41,219.58,223.78,469532000,20479000000
1-Jun-17,230.89,236.22,214.48,222.24,812924000,21264800000
31-May-17,231.58,236.97,215.57,230.67,1271600000,21321900000
30-May-17,195.61,233.71,189.29,231.91,1586670000,18004700000
29-May-17,170.13,197.13,164.53,194.91,718828000,15654600000
28-May-17,158.82,179.94,157.60,170.51,717971000,14608600000
27-May-17,159.82,166.95,120.44,157.76,1217060000,14696000000
26-May-17,175.22,193.69,150.28,160.40,792458000,16107000000
25-May-17,189.85,210.98,170.51,174.45,943637000,17446600000
24-May-17,182.65,228.37,182.45,190.05,561014000,16779700000
23-May-17,170.82,183.55,169.93,181.95,530709000,15688000000
22-May-17,158.17,201.75,152.47,174.26,1188910000,14522100000
21-May-17,127.54,159.03,125.89,157.94,570361000,11705700000
20-May-17,129.22,133.64,124.70,126.52,331455000,11856600000
19-May-17,97.05,133.56,97.05,129.53,626945000,8902240000
18-May-17,89.84,97.37,89.84,96.91,196237000,8238110000
17-May-17,89.25,91.27,84.43,89.86,183031000,8181520000
16-May-17,92.39,93.56,89.12,89.44,152285000,8466470000
15-May-17,90.78,95.43,86.83,92.41,170999000,8316930000
14-May-17,90.87,91.25,89.61,90.79,66046600,8322380000
13-May-17,88.69,93.81,86.66,90.84,88742200,8120390000
12-May-17,89.43,93.12,88.66,88.66,145825000,8184930000
11-May-17,89.77,102.55,88.48,89.88,132722000,8213570000
10-May-17,91.15,92.85,85.29,89.52,145602000,8337180000
9-May-17,91.23,93.06,80.39,91.16,363434000,8341490000
8-May-17,93.75,95.14,89.51,91.42,231344000,8569060000
7-May-17,97.87,98.24,89.87,94.01,183295000,8942950000
6-May-17,94.91,97.88,90.95,97.81,151462000,8669910000
5-May-17,96.73,103.23,92.22,94.40,331928000,8833520000
4-May-17,79.72,97.56,79.43,96.98,366847000,7277480000
3-May-17,77.25,80.10,75.76,79.72,141922000,7050050000
2-May-17,76.65,79.35,74.38,77.26,193773000,6992980000
1-May-17,79.32,82.52,73.09,76.30,376842000,7234070000
30-Apr-17,68.54,79.02,68.35,79.02,229945000,6248840000
29-Apr-17,71.39,71.90,66.78,68.38,165448000,6506490000
28-Apr-17,62.23,70.85,62.13,70.16,346546000,5669550000
27-Apr-17,52.81,62.17,52.29,62.17,246775000,4809630000
26-Apr-17,49.91,53.44,49.91,52.72,104884000,4544370000
25-Apr-17,50.07,50.30,49.81,49.89,38264600,4557870000
24-Apr-17,48.87,50.18,48.87,50.03,55580600,4446470000
23-Apr-17,48.59,48.89,48.17,48.49,36234000,4420040000
22-Apr-17,48.18,48.74,48.17,48.55,37357600,4381290000
21-Apr-17,49.64,49.66,48.14,48.22,45048300,4512610000
20-Apr-17,48.13,49.99,48.13,49.67,79600900,4373800000
19-Apr-17,50.73,50.95,47.26,48.31,76281000,4608260000
18-Apr-17,48.32,51.03,48.30,50.71,78748500,4387860000
17-Apr-17,48.66,48.75,48.05,48.30,44013300,4417310000
16-Apr-17,49.04,49.14,48.19,48.72,31343800,4450140000
15-Apr-17,47.65,49.57,47.18,49.10,66207800,4323100000
14-Apr-17,49.97,50.05,46.76,47.57,91674400,4531810000
13-Apr-17,46.31,50.91,46.31,50.22,157200000,4198420000
12-Apr-17,43.46,47.23,43.11,46.29,88045700,3938930000
11-Apr-17,43.50,44.25,43.30,43.41,38303300,3941100000
10-Apr-17,43.28,44.14,42.42,43.44,44061500,3919520000
9-Apr-17,44.28,44.49,42.89,43.27,55143000,4009010000
8-Apr-17,41.80,45.21,41.73,44.31,74138800,3783000000
7-Apr-17,42.87,44.04,41.65,42.16,81474700,3878210000
6-Apr-17,45.22,45.64,40.90,43.24,147120000,4089930000
5-Apr-17,44.66,47.84,44.54,45.30,119733000,4037940000
4-Apr-17,43.92,45.74,41.72,44.64,157568000,3969730000
3-Apr-17,48.82,48.82,43.41,44.36,190513000,4411030000
2-Apr-17,50.74,51.27,45.43,48.75,134604000,4582700000
1-Apr-17,50.03,51.93,48.88,50.70,92461900,4517510000
31-Mar-17,51.75,51.77,47.38,50.04,151416000,4671190000
30-Mar-17,53.12,53.31,51.87,52.21,86885700,4793280000
29-Mar-17,50.57,53.87,50.55,53.13,144998000,4561150000
28-Mar-17,49.71,50.96,49.15,50.77,97745300,4482160000
27-Mar-17,51.31,52.46,48.93,49.67,118978000,4624990000
26-Mar-17,50.77,51.80,49.28,50.52,106859000,4574540000
25-Mar-17,53.58,53.58,48.31,51.25,223059000,4825700000
24-Mar-17,43.64,54.14,43.21,53.11,297046000,3929230000
23-Mar-17,42.57,44.75,41.30,43.68,100724000,3831310000
22-Mar-17,43.12,43.52,39.69,42.34,113952000,3880120000
21-Mar-17,43.51,44.26,42.37,43.15,91265400,3913620000
20-Mar-17,44.83,46.23,42.44,43.39,154701000,4031270000
19-Mar-17,35.53,47.00,35.34,44.74,239430000,3193600000
18-Mar-17,46.87,46.87,31.70,34.16,262180000,4211830000
17-Mar-17,45.93,55.11,38.21,46.83,497534000,4125480000
16-Mar-17,35.36,47.17,35.36,46.35,454418000,3174750000
15-Mar-17,28.65,35.06,28.43,35.06,170344000,2571160000
14-Mar-17,28.57,29.93,27.32,28.65,101797000,2563700000
13-Mar-17,23.50,30.60,23.50,28.59,255488000,2108300000
12-Mar-17,21.46,23.44,21.38,23.44,74628900,1924660000
11-Mar-17,19.37,21.59,19.01,21.47,69150100,1736630000
10-Mar-17,17.74,19.66,17.68,19.33,87506800,1589640000
9-Mar-17,16.64,17.87,16.37,17.75,31418400,1490500000
8-Mar-17,18.88,18.88,16.65,16.65,44304600,1690760000
7-Mar-17,19.58,19.63,18.64,18.89,37972200,1752530000
6-Mar-17,19.28,20.10,19.11,19.61,32432700,1725360000
5-Mar-17,18.50,19.42,18.23,19.30,26816300,1655030000
4-Mar-17,19.52,20.05,18.62,18.62,27341900,1745140000
3-Mar-17,19.04,20.67,18.41,19.46,95863400,1702140000
2-Mar-17,17.36,19.35,16.95,19.03,83627100,1550750000
1-Mar-17,15.85,17.37,15.56,17.35,44927500,1415510000
28-Feb-17,15.45,16.06,15.12,15.82,65478900,1379600000
27-Feb-17,14.51,15.68,14.27,15.40,31667000,1294770000
26-Feb-17,13.52,14.54,13.40,14.52,20307500,1206150000
25-Feb-17,13.06,13.72,12.98,13.55,18533900,1165230000
24-Feb-17,13.13,13.23,12.88,13.07,19574400,1171110000
23-Feb-17,12.60,13.21,12.56,13.12,14522300,1122910000
22-Feb-17,12.69,12.76,12.55,12.60,10360900,1130460000
21-Feb-17,12.34,12.77,12.21,12.67,15183300,1099330000
20-Feb-17,12.77,12.90,12.43,12.43,12994400,1136610000
19-Feb-17,12.82,12.87,12.71,12.76,7799740,1140870000
18-Feb-17,12.71,12.83,12.68,12.81,9370010,1130750000
17-Feb-17,12.90,12.91,12.66,12.68,11636500,1147260000
16-Feb-17,12.92,12.92,12.54,12.90,38002600,1148860000
15-Feb-17,13.04,13.04,12.64,12.92,18464700,1159000000
14-Feb-17,11.29,13.33,11.29,13.03,42911500,1002810000
13-Feb-17,11.38,11.39,11.17,11.27,7216520,1011080000
12-Feb-17,11.35,11.40,11.30,11.40,6264900,1008030000
11-Feb-17,11.29,11.43,11.24,11.35,7544520,1002130000
10-Feb-17,11.04,11.34,10.78,11.28,11914200,979961000
9-Feb-17,11.44,11.60,10.67,11.03,18400300,1014280000
8-Feb-17,11.54,11.63,11.24,11.43,9688630,1023170000
7-Feb-17,11.43,11.61,11.41,11.52,7629640,1012620000
6-Feb-17,11.35,11.48,11.34,11.39,5695440,1005930000
5-Feb-17,11.44,11.49,11.32,11.35,5942960,1013400000
4-Feb-17,11.13,11.50,11.13,11.43,14139500,985277000
3-Feb-17,10.81,11.11,10.76,11.11,12897800,956944000
2-Feb-17,10.74,10.89,10.55,10.82,10172500,949793000
1-Feb-17,10.74,10.85,10.56,10.73,12852200,949969000
31-Jan-17,10.56,10.75,10.54,10.73,11648700,933975000
30-Jan-17,10.49,10.71,10.47,10.57,8042180,927415000
29-Jan-17,10.56,10.57,10.45,10.48,4689950,933087000
28-Jan-17,10.54,10.58,10.43,10.56,6580700,930688000
27-Jan-17,10.58,10.61,10.44,10.54,7189170,934404000
26-Jan-17,10.57,10.67,10.51,10.59,8465020,932575000
25-Jan-17,10.62,10.62,10.48,10.57,6751450,936769000
24-Jan-17,10.73,10.77,10.57,10.63,8327330,946083000
23-Jan-17,10.71,10.84,10.67,10.82,7267210,944159000
22-Jan-17,10.91,10.97,10.58,10.70,8678620,961463000
21-Jan-17,10.60,10.98,10.58,10.91,11937600,933405000
20-Jan-17,10.39,10.76,10.35,10.60,10992800,914696000
19-Jan-17,10.24,10.44,10.18,10.40,8347550,901484000
18-Jan-17,10.30,10.52,9.94,10.23,10788200,906079000
17-Jan-17,9.64,10.61,9.54,10.30,18391900,847981000
16-Jan-17,9.88,9.93,9.58,9.64,14937400,869126000
15-Jan-17,9.83,10.00,9.60,9.90,14837900,864037000
14-Jan-17,9.79,9.89,9.44,9.65,20085800,859971000
13-Jan-17,9.83,9.85,9.51,9.77,25066600,863241000
12-Jan-17,9.72,10.08,9.18,9.86,30453800,853638000
11-Jan-17,10.54,10.66,9.46,9.72,26823500,925320000
10-Jan-17,10.37,10.69,10.29,10.55,10879700,909897000
9-Jan-17,10.31,10.78,10.14,10.33,25718300,904682000
8-Jan-17,9.87,10.39,9.83,10.29,16676600,865667000
7-Jan-17,10.24,10.28,9.59,9.87,23153600,897636000
6-Jan-17,10.29,10.63,9.63,10.25,29471800,901249000
5-Jan-17,11.29,11.89,9.40,10.25,41557400,988599000
4-Jan-17,9.71,11.28,9.56,11.25,41051200,850115000
3-Jan-17,8.37,10.00,8.32,9.73,33625200,732988000
2-Jan-17,8.17,8.44,8.05,8.38,14579600,714900000
1-Jan-17,7.98,8.47,7.98,8.17,14731700,698149000
31-Dec-16,8.15,8.16,7.91,7.97,9066800,712662000
30-Dec-16,8.29,8.47,8.05,8.16,13909900,724528000
29-Dec-16,7.54,8.53,7.54,8.28,27543800,658674000
28-Dec-16,7.15,7.62,7.08,7.52,17453300,624359000
27-Dec-16,7.28,7.32,7.09,7.17,8778610,635260000
26-Dec-16,7.13,7.33,7.05,7.27,5836810,622439000
25-Dec-16,7.26,7.34,7.14,7.18,8671840,633792000
24-Dec-16,7.15,7.41,7.15,7.27,7626020,623759000
23-Dec-16,7.58,7.69,7.16,7.17,19613100,660546000
22-Dec-16,7.90,7.91,7.50,7.58,16376700,688380000
21-Dec-16,7.66,7.94,7.66,7.91,9393550,667625000
20-Dec-16,7.63,7.75,7.57,7.66,6313550,664772000
19-Dec-16,7.87,7.87,7.63,7.64,5894760,685054000
18-Dec-16,7.86,7.93,7.72,7.87,5890020,684028000
17-Dec-16,7.86,7.90,7.52,7.88,8502620,683357000
16-Dec-16,7.86,7.93,7.80,7.86,5178610,683399000
15-Dec-16,8.24,8.24,7.72,7.83,13184400,715861000
14-Dec-16,8.45,8.52,8.25,8.27,7337220,734382000
13-Dec-16,8.52,8.53,8.35,8.42,4486190,740099000
12-Dec-16,8.19,8.61,8.17,8.52,9119700,711348000
11-Dec-16,8.13,8.27,8.10,8.19,5545500,705363000
10-Dec-16,8.44,8.53,8.02,8.13,8108370,732173000
9-Dec-16,8.17,8.67,8.05,8.45,12916300,708468000
8-Dec-16,8.38,8.86,8.23,8.23,16042700,726878000
7-Dec-16,7.89,8.54,7.33,8.38,22229600,684258000
6-Dec-16,6.80,7.92,5.98,7.87,50671200,589548000
5-Dec-16,7.41,7.64,6.66,6.82,17344500,641820000
4-Dec-16,7.90,7.95,7.44,7.44,8450790,684258000
3-Dec-16,7.77,8.15,7.67,7.92,12112100,672138000
2-Dec-16,8.46,8.46,7.42,7.76,18579800,731520000
1-Dec-16,8.60,8.65,8.36,8.45,5882340,743882000
30-Nov-16,8.16,8.75,8.16,8.59,10626600,705040000
29-Nov-16,8.73,8.74,7.88,8.17,17000400,754307000
28-Nov-16,9.00,9.01,8.72,8.72,6046890,777311000
27-Nov-16,9.31,9.33,8.78,9.00,8707660,804085000
26-Nov-16,9.42,9.50,9.31,9.33,3505990,812795000
25-Nov-16,9.23,9.75,9.21,9.40,7669720,796268000
24-Nov-16,9.85,9.85,8.93,9.23,15987800,849229000
23-Nov-16,9.92,9.96,9.76,9.84,4812310,855265000
22-Nov-16,9.63,10.24,9.59,9.91,11284400,829616000
21-Nov-16,9.58,9.64,9.54,9.62,3663210,825381000
20-Nov-16,9.66,9.71,9.52,9.58,5173420,832050000
19-Nov-16,9.48,9.75,9.48,9.66,5186540,816380000
18-Nov-16,9.99,10.01,9.48,9.48,10816100,859571000
17-Nov-16,10.06,10.19,9.92,9.99,6984700,865393000
16-Nov-16,10.22,10.33,9.93,10.06,9533550,878610000
15-Nov-16,9.97,10.32,9.85,10.22,6557550,857223000
14-Nov-16,10.10,10.16,9.96,9.97,3573250,867755000
13-Nov-16,9.89,10.41,9.84,10.10,8227770,849342000
12-Nov-16,10.29,10.34,9.70,9.88,10052500,883780000
11-Nov-16,10.51,10.57,10.26,10.29,6056300,902479000
10-Nov-16,10.67,10.68,10.51,10.52,4253980,915940000
9-Nov-16,10.82,10.83,10.22,10.66,14606600,928063000
8-Nov-16,10.85,10.92,10.74,10.83,6258150,930345000
7-Nov-16,10.90,10.96,10.78,10.81,5992480,934536000
6-Nov-16,10.99,11.25,10.85,10.87,5688710,941729000
5-Nov-16,11.09,11.24,10.88,11.00,5502670,950213000
4-Nov-16,10.82,11.12,10.82,11.09,9958040,926129000
3-Nov-16,10.80,11.11,10.76,10.80,15228600,924097000
2-Nov-16,10.77,11.16,10.69,10.75,11691700,921691000
1-Nov-16,10.96,11.18,10.30,10.77,22901300,937123000
31-Oct-16,11.23,11.50,10.94,11.00,13393900,960008000
30-Oct-16,10.43,11.45,10.29,11.18,16694900,891164000
29-Oct-16,11.10,11.20,9.56,10.44,27070400,948271000
28-Oct-16,11.47,11.58,10.95,11.09,13971500,979916000
27-Oct-16,11.53,11.61,11.26,11.50,13255400,984361000
26-Oct-16,11.38,11.66,11.38,11.53,10221800,971440000
25-Oct-16,11.97,11.99,11.15,11.41,19316000,1020850000
24-Oct-16,12.04,12.10,11.91,11.97,5739690,1026400000
23-Oct-16,12.13,12.14,11.94,12.04,5774660,1033970000
22-Oct-16,12.18,12.19,11.95,12.07,7583820,1037850000
21-Oct-16,12.13,12.21,12.02,12.18,5676920,1033140000
20-Oct-16,12.05,12.29,12.00,12.10,8170760,1025620000
19-Oct-16,12.59,12.62,11.91,12.02,10576200,1071710000
18-Oct-16,12.00,12.93,12.00,12.59,18864200,1020530000
17-Oct-16,11.96,12.03,11.86,12.01,5724440,1016710000
16-Oct-16,11.98,12.01,11.93,11.95,3617280,1018540000
15-Oct-16,11.94,12.00,11.78,11.98,4991840,1014280000
14-Oct-16,11.99,12.07,11.90,11.94,4333510,1018390000
13-Oct-16,11.91,12.13,11.78,11.96,8665190,1011190000
12-Oct-16,11.78,12.07,11.71,11.93,9694640,1000220000
11-Oct-16,11.76,12.16,11.75,11.79,11727700,997949000
10-Oct-16,12.06,12.06,11.62,11.76,10809200,1022860000
9-Oct-16,12.22,12.36,11.98,12.05,7208480,1035590000
8-Oct-16,12.67,12.69,12.05,12.22,11611200,1073990000
7-Oct-16,12.85,12.99,12.53,12.67,8933050,1088570000
6-Oct-16,13.03,13.14,12.69,12.85,12044800,1102940000
5-Oct-16,13.28,13.35,13.04,13.04,9881370,1124270000
4-Oct-16,13.45,13.53,13.21,13.28,8348280,1137980000
3-Oct-16,13.20,13.49,13.19,13.45,7458320,1116600000
2-Oct-16,13.18,13.30,13.14,13.20,4079660,1114200000
1-Oct-16,13.20,13.31,13.05,13.17,6331160,1115690000
30-Sep-16,13.08,13.34,13.02,13.22,5950840,1104530000
29-Sep-16,13.28,13.34,13.07,13.07,5990630,1121060000
28-Sep-16,13.11,13.48,13.08,13.27,10239000,1106330000
27-Sep-16,12.86,13.21,12.86,13.10,6831070,1085330000
26-Sep-16,13.17,13.17,12.74,12.82,7213070,1110700000
25-Sep-16,12.85,13.11,12.80,13.10,5283440,1083510000
24-Sep-16,13.32,13.34,12.68,12.88,9824880,1122670000
23-Sep-16,13.21,13.45,13.10,13.33,9166430,1112590000
22-Sep-16,13.66,13.66,12.48,13.25,27382800,1150650000
21-Sep-16,14.43,14.43,13.17,13.77,28645000,1214950000
20-Sep-16,13.21,14.43,13.12,14.43,31929100,1111810000
19-Sep-16,12.44,13.19,12.42,13.19,13838800,1045870000
18-Sep-16,12.69,12.99,12.16,12.43,22433300,1066620000
17-Sep-16,12.56,12.76,12.44,12.70,7446610,1055440000
16-Sep-16,11.96,12.75,11.90,12.56,17421500,1004740000
15-Sep-16,11.94,12.14,11.92,11.94,7309090,1002970000
14-Sep-16,11.90,12.00,11.86,11.92,5694820,999352000
13-Sep-16,11.89,12.09,11.88,11.92,11704300,997638000
12-Sep-16,11.64,11.95,11.61,11.89,7478080,976645000
11-Sep-16,12.21,12.21,11.59,11.64,8791180,1023640000
10-Sep-16,11.66,12.22,11.54,12.17,7220300,977515000
9-Sep-16,11.41,11.68,11.39,11.65,6109200,956210000
8-Sep-16,11.55,11.70,11.25,11.35,11535000,967010000
7-Sep-16,11.69,11.73,11.52,11.55,6115050,979087000
6-Sep-16,11.73,11.73,11.47,11.69,6346330,981303000
5-Sep-16,11.68,11.81,11.59,11.72,5724100,977169000
4-Sep-16,11.75,11.79,11.47,11.68,7220550,982952000
3-Sep-16,12.11,12.36,11.35,11.76,13358800,1012580000
2-Sep-16,11.96,12.31,11.88,12.11,9368300,999757000
1-Sep-16,11.67,12.58,11.65,11.99,24051500,974844000
31-Aug-16,11.24,11.68,11.18,11.67,11073700,938406000
30-Aug-16,10.99,11.30,10.96,11.23,7221260,917474000
29-Aug-16,10.92,11.15,10.79,10.98,8130540,910698000
28-Aug-16,11.15,11.15,10.92,10.93,5303040,929690000
27-Aug-16,11.29,11.29,11.14,11.15,15108400,941585000
26-Aug-16,11.35,11.45,11.21,11.30,5857850,946092000
25-Aug-16,11.03,11.39,11.02,11.36,8552380,918977000
24-Aug-16,11.02,11.15,11.01,11.04,4423420,918039000
23-Aug-16,11.14,11.23,10.90,11.03,6489380,927065000
22-Aug-16,11.19,11.34,11.07,11.12,6588920,930708000
21-Aug-16,11.25,11.25,10.99,11.18,4355660,936015000
20-Aug-16,10.75,11.30,10.75,11.25,7443540,893814000
19-Aug-16,10.75,10.80,10.73,10.75,5390850,893156000
18-Aug-16,10.75,11.01,10.74,10.76,6935800,892903000
17-Aug-16,11.13,11.15,10.75,10.75,8833760,924591000
16-Aug-16,11.23,11.24,11.00,11.14,7051510,932162000
15-Aug-16,11.20,11.31,11.00,11.22,7500840,929558000
14-Aug-16,11.58,11.69,11.10,11.19,8680160,960855000
13-Aug-16,11.77,11.79,11.51,11.57,7539490,975999000
12-Aug-16,11.69,12.04,11.64,11.78,13690100,968865000
11-Aug-16,12.14,12.27,11.63,11.69,17505000,1005720000
10-Aug-16,12.23,12.46,11.98,12.14,28096300,1012910000
9-Aug-16,11.27,12.45,11.20,12.24,36656600,933431000
8-Aug-16,10.91,11.33,10.86,11.25,14956700,903184000
7-Aug-16,10.86,11.09,10.78,10.91,16551000,898340000
6-Aug-16,10.92,10.94,10.29,10.88,16712600,902752000
5-Aug-16,11.02,11.18,10.76,10.93,15487900,910856000
4-Aug-16,10.31,11.29,10.16,11.04,38151400,851992000
3-Aug-16,8.88,10.42,8.88,10.29,53979400,733204000
2-Aug-16,10.95,11.14,8.20,8.79,88803300,903978000
1-Aug-16,11.89,12.01,10.94,10.94,23999500,981735000
31-Jul-16,12.44,12.51,11.55,11.88,25441400,1026310000
30-Jul-16,12.80,12.80,12.46,12.46,9047810,1055410000
29-Jul-16,12.84,12.87,12.55,12.79,14082300,1058220000
28-Jul-16,12.98,12.99,12.49,12.84,24603900,1069560000
27-Jul-16,12.05,13.31,11.84,12.97,58278800,992645000
26-Jul-16,13.82,13.85,11.73,11.99,94428800,1137660000
25-Jul-16,12.74,13.86,12.68,13.84,36673800,1048920000
24-Jul-16,14.30,14.44,12.32,12.75,77750800,1176250000
23-Jul-16,14.67,14.90,14.05,14.30,32489700,1206190000
22-Jul-16,12.66,14.81,12.54,14.66,74779500,1040640000
21-Jul-16,12.46,12.71,11.99,12.65,24636900,1024000000
20-Jul-16,11.59,12.99,11.57,12.45,60226100,952143000
19-Jul-16,11.05,12.01,11.01,11.62,21730000,907135000
18-Jul-16,11.17,11.61,10.95,11.03,15931900,917151000
17-Jul-16,11.62,11.67,11.01,11.16,17921600,953762000
16-Jul-16,11.92,11.94,11.59,11.65,10445700,977658000
15-Jul-16,11.50,12.43,11.49,11.95,26838900,942817000
14-Jul-16,10.60,11.68,10.60,11.51,23621900,868509000
13-Jul-16,10.51,10.59,10.40,10.50,6715660,860770000
12-Jul-16,10.45,10.76,10.43,10.52,11127700,855555000
11-Jul-16,10.94,11.01,10.26,10.46,13098000,895670000
10-Jul-16,10.96,11.01,10.78,10.95,5479240,896899000
9-Jul-16,11.42,11.46,10.73,10.97,17254800,933946000
8-Jul-16,10.12,11.52,9.96,11.39,20039800,827090000
7-Jul-16,10.54,10.57,9.80,10.11,15407200,861144000
6-Jul-16,10.58,11.11,10.28,10.53,18137300,864063000
5-Jul-16,11.46,11.52,9.58,10.61,45526900,935730000
4-Jul-16,11.70,11.88,11.39,11.47,12943500,954849000
3-Jul-16,12.12,12.15,11.59,11.72,10588700,989132000
2-Jul-16,12.22,12.22,11.95,12.13,8987070,996510000
1-Jul-16,12.44,12.49,11.73,12.20,17236500,1014220000
30-Jun-16,12.60,12.74,12.25,12.46,15801300,1027260000
29-Jun-16,12.17,13.04,11.69,12.61,26982800,991926000
28-Jun-16,13.93,13.98,11.72,12.18,43436600,1134340000
27-Jun-16,13.81,14.12,13.75,13.88,10994700,1124170000
26-Jun-16,14.26,14.37,13.66,13.85,14747600,1160590000
25-Jun-16,14.30,14.58,14.02,14.28,15383100,1163530000
24-Jun-16,13.68,14.57,13.22,14.33,33332900,1112590000
23-Jun-16,13.22,13.79,12.56,13.68,30806400,1074240000
22-Jun-16,13.20,15.79,13.10,13.10,96994100,1072510000
21-Jun-16,11.82,13.42,11.29,13.31,69245600,960014000
20-Jun-16,12.24,12.45,10.52,11.84,58143600,993503000
19-Jun-16,11.17,13.18,10.64,12.23,69783600,906292000
18-Jun-16,15.38,15.38,9.96,11.33,133937000,1247530000
17-Jun-16,20.65,21.52,13.57,15.38,199408000,1674540000
16-Jun-16,18.36,20.83,18.36,20.59,38531000,1488420000
15-Jun-16,18.91,18.91,17.71,18.35,19393400,1531790000
14-Jun-16,17.61,19.27,17.30,18.89,64412200,1426500000
13-Jun-16,15.77,17.64,15.72,17.60,38023400,1276930000
12-Jun-16,14.19,15.90,14.19,15.74,38210300,1148070000
11-Jun-16,13.91,14.19,13.72,14.19,12176500,1125180000
10-Jun-16,14.38,14.43,13.82,13.91,11312900,1162500000
9-Jun-16,14.43,14.57,14.34,14.40,8256830,1166450000
8-Jun-16,14.51,14.78,14.28,14.42,16941800,1172230000
7-Jun-16,13.95,14.51,13.81,14.51,21421600,1126330000
6-Jun-16,14.00,14.06,13.73,13.93,8720400,1130350000
5-Jun-16,13.76,14.07,13.57,13.97,11088400,1110690000
4-Jun-16,13.86,13.95,13.42,13.74,15792400,1118460000
3-Jun-16,13.74,13.87,13.25,13.85,22981500,1108220000
2-Jun-16,13.99,14.05,13.63,13.74,10477200,1127830000
1-Jun-16,14.11,14.32,13.44,14.00,22471300,1136900000
31-May-16,12.74,14.27,12.64,14.08,42433400,1026410000
30-May-16,12.33,12.88,12.27,12.73,14733800,992329000
29-May-16,12.11,12.69,11.78,12.35,28598400,974784000
28-May-16,11.33,12.36,10.37,11.89,47274800,911724000
27-May-16,12.39,12.39,10.50,11.30,57496400,996293000
26-May-16,12.52,12.99,12.06,12.43,20764000,1006080000
25-May-16,12.79,12.90,11.77,12.53,27444700,1027940000
24-May-16,13.31,13.77,12.01,12.73,41560600,1068670000
23-May-16,14.28,14.49,13.19,13.46,23842800,1146470000
22-May-16,14.04,14.35,13.77,14.29,17938900,1126810000
21-May-16,13.69,14.05,13.12,14.02,24648400,1098220000
20-May-16,14.85,15.05,13.38,13.64,50544100,1191080000
19-May-16,13.54,14.87,13.34,14.77,53757500,1085570000
18-May-16,12.18,14.26,12.18,13.56,65389900,975878000
17-May-16,11.19,12.49,11.15,12.20,37198700,896505000
16-May-16,9.97,11.44,9.97,11.17,29079900,798116000
15-May-16,10.24,10.44,9.93,9.96,9218400,819399000
14-May-16,10.51,10.62,9.81,10.24,18808000,840395000
13-May-16,10.06,11.05,10.02,10.51,31276900,804647000
12-May-16,10.00,10.51,9.86,10.06,24137700,798952000
11-May-16,9.43,10.01,9.39,10.00,15267500,753600000
10-May-16,9.28,9.48,9.26,9.36,9321790,741417000
9-May-16,9.49,9.64,9.20,9.30,13085300,758000000
8-May-16,9.37,9.60,8.93,9.48,15031000,748030000
7-May-16,9.32,9.48,9.21,9.37,10806500,743166000
6-May-16,9.81,9.95,9.04,9.35,21510600,782261000
5-May-16,9.40,10.05,9.29,9.83,18296200,749038000
4-May-16,9.38,10.03,9.27,9.41,17622400,747638000
3-May-16,10.17,10.17,9.28,9.31,21463900,809644000
2-May-16,8.89,10.32,8.85,10.16,41019200,708137000
1-May-16,8.78,9.01,8.43,8.85,16713800,698377000
30-Apr-16,7.45,9.37,7.45,8.81,36573300,592992000
29-Apr-16,7.21,7.73,7.17,7.46,8762080,573124000
28-Apr-16,7.74,7.91,7.17,7.17,11576000,615316000
27-Apr-16,7.39,7.97,7.32,7.76,19254500,587076000
26-Apr-16,7.53,7.55,7.06,7.40,17667300,597819000
25-Apr-16,8.01,8.09,7.24,7.55,18239900,635784000
24-Apr-16,8.29,8.47,7.96,8.00,10786400,658203000
23-Apr-16,7.79,8.55,7.74,8.29,14565200,618147000
22-Apr-16,8.15,8.27,7.67,7.82,13309300,646298000
21-Apr-16,8.45,8.72,7.96,8.10,13355400,670104000
20-Apr-16,8.69,8.83,8.31,8.47,15634700,688434000
19-Apr-16,9.08,9.31,8.60,8.71,12899100,718825000
18-Apr-16,9.33,9.51,8.50,9.04,21084100,738916000
17-Apr-16,8.62,9.70,8.56,9.31,24619600,682467000
16-Apr-16,8.24,8.65,8.11,8.61,9888460,651554000
15-Apr-16,8.39,8.62,8.10,8.24,12179000,663169000
14-Apr-16,8.08,8.76,8.02,8.39,13590700,638330000
13-Apr-16,7.44,8.72,7.07,8.04,31403300,587994000
12-Apr-16,8.64,8.64,7.15,7.44,23190100,682395000
11-Apr-16,8.94,8.95,8.00,8.64,15138100,706074000
10-Apr-16,9.15,9.22,7.46,8.94,42613400,722133000
9-Apr-16,9.69,10.09,9.07,9.15,16194800,764797000
8-Apr-16,10.08,10.39,9.66,9.72,14660600,794705000
7-Apr-16,10.70,10.81,9.95,10.07,13464500,843091000
6-Apr-16,10.45,10.97,10.28,10.69,16997100,823420000
5-Apr-16,11.21,11.21,10.13,10.44,20557300,883170000
4-Apr-16,11.62,11.62,11.02,11.16,9599070,914560000
3-Apr-16,11.63,11.71,11.51,11.62,5580550,915175000
2-Apr-16,11.63,11.69,11.40,11.60,8682620,914995000
1-Apr-16,11.40,11.85,11.40,11.66,11373100,896537000
31-Mar-16,11.92,12.01,11.32,11.40,14966700,936992000
30-Mar-16,11.61,12.18,11.47,11.95,19351200,911902000
29-Mar-16,11.75,11.91,11.35,11.66,17684200,923114000
28-Mar-16,10.43,11.86,10.41,11.67,23188300,819007000
27-Mar-16,10.99,11.05,10.11,10.42,16744800,862211000
26-Mar-16,10.77,11.18,10.59,10.97,9425480,844742000
25-Mar-16,11.26,11.37,10.53,10.74,13782000,883012000
24-Mar-16,12.44,12.50,10.80,11.23,26081800,975295000
23-Mar-16,11.33,12.43,11.24,12.42,19353200,887595000
22-Mar-16,11.88,12.03,11.18,11.27,19730300,929610000
21-Mar-16,10.30,12.01,10.16,11.86,28572600,805997000
20-Mar-16,10.52,10.90,9.57,10.32,17651100,822297000
19-Mar-16,11.20,11.20,9.78,10.53,26735700,875689000
18-Mar-16,11.11,11.18,8.52,11.00,53956800,867949000
17-Mar-16,12.56,12.64,10.44,11.08,41650600,977389000
16-Mar-16,13.02,13.73,12.50,12.52,24335500,1013020000
15-Mar-16,13.00,13.20,12.05,13.01,28404500,1011090000
14-Mar-16,14.51,15.01,11.58,12.45,58385100,1128180000
13-Mar-16,13.51,15.26,13.47,14.47,43915100,1049930000
12-Mar-16,11.13,13.53,11.09,13.53,48957300,864733000
11-Mar-16,11.22,11.60,10.39,11.08,21002700,871511000
10-Mar-16,11.88,12.24,10.99,11.30,26851500,922452000
9-Mar-16,9.79,12.05,9.67,11.90,27540500,760017000
8-Mar-16,9.58,10.17,8.82,9.85,25524300,743456000
7-Mar-16,11.43,11.65,9.31,9.55,34085100,886447000
6-Mar-16,11.20,11.84,9.99,11.38,39112000,868736000
5-Mar-16,10.37,12.27,9.97,11.00,56439600,803827000
4-Mar-16,9.24,10.41,8.48,10.41,35520100,716027000
3-Mar-16,8.44,10.10,8.33,9.29,40314900,653959000
2-Mar-16,7.63,8.75,7.37,8.47,29130200,591078000
1-Mar-16,6.32,7.91,6.31,7.65,23098100,489188000
29-Feb-16,6.46,6.61,6.05,6.34,7648020,499587000
28-Feb-16,6.41,6.62,6.24,6.47,9851660,495545000
27-Feb-16,5.96,6.53,5.92,6.43,8903210,461169000
26-Feb-16,6.04,6.27,5.74,5.92,9526860,466797000
25-Feb-16,6.19,6.65,5.55,6.10,21471800,478149000
24-Feb-16,5.60,6.24,5.51,6.24,11426500,432977000
23-Feb-16,5.68,5.95,5.39,5.59,13380600,439084000
22-Feb-16,4.66,5.65,4.64,5.62,15056200,360185000
21-Feb-16,4.36,4.71,4.23,4.65,6413550,336572000
20-Feb-16,4.68,4.75,4.13,4.34,8631090,361281000
19-Feb-16,4.38,4.79,4.27,4.74,7666320,338222000
18-Feb-16,3.77,4.77,3.42,4.40,17054000,291068000
17-Feb-16,4.29,4.77,3.50,3.76,15451000,330635000
16-Feb-16,5.33,5.47,4.03,4.32,15889100,410605000
15-Feb-16,5.33,5.89,5.02,5.29,13934200,410643000
14-Feb-16,5.40,5.47,4.45,5.24,11226500,416193000
13-Feb-16,5.69,5.72,4.19,5.39,24218800,437667000
12-Feb-16,5.95,6.58,5.07,5.55,23360800,457618000
11-Feb-16,4.50,6.29,4.34,6.01,26408200,345964000
10-Feb-16,4.00,4.86,3.78,4.44,28640400,307684000
9-Feb-16,3.17,4.04,3.17,4.04,17954000,244110000
8-Feb-16,2.97,3.27,2.88,3.18,9725690,228504000
7-Feb-16,2.54,3.06,2.54,2.96,7007060,194884000
6-Feb-16,2.53,2.56,2.47,2.53,1921240,194621000
5-Feb-16,2.57,2.61,2.47,2.54,2636700,197363000
4-Feb-16,2.53,2.63,2.44,2.58,3552320,194126000
3-Feb-16,2.43,2.54,2.34,2.53,3987750,186609000
2-Feb-16,2.22,2.45,2.16,2.44,3451270,169923000
1-Feb-16,2.32,2.32,2.12,2.21,3994100,177881000
31-Jan-16,2.44,2.53,2.19,2.31,5847500,187289000
30-Jan-16,2.51,2.61,2.40,2.45,3725080,192176000
29-Jan-16,2.54,2.61,2.30,2.49,6662340,194815000
28-Jan-16,2.41,2.68,2.34,2.53,4903850,184294000
27-Jan-16,2.25,2.59,2.19,2.39,6961080,172061000
26-Jan-16,2.53,2.84,1.99,2.28,13939200,193838000
25-Jan-16,2.15,2.66,2.06,2.50,10739300,164313000
24-Jan-16,1.90,2.30,1.90,2.14,9669770,145358000
23-Jan-16,1.50,2.03,1.50,1.97,7370980,115002000
22-Jan-16,1.55,1.58,1.47,1.50,1567240,118244000
21-Jan-16,1.53,1.59,1.49,1.55,1614960,117111000
20-Jan-16,1.36,1.62,1.35,1.53,2933220,104124000
19-Jan-16,1.42,1.46,1.31,1.37,2446740,108628000
18-Jan-16,1.33,1.54,1.32,1.43,4278930,101699000
17-Jan-16,1.22,1.33,1.21,1.33,1171150,93207300
16-Jan-16,1.22,1.31,1.17,1.22,2462630,93099400
15-Jan-16,1.18,1.32,1.14,1.21,3910550,90321700
14-Jan-16,1.12,1.19,1.10,1.19,751961,85539300
13-Jan-16,1.14,1.15,1.08,1.13,1005910,86530000
12-Jan-16,1.07,1.28,1.05,1.14,2898760,81217300
11-Jan-16,0.999216,1.07,0.999216,1.06,1011920,76096500
10-Jan-16,0.985557,1.00,0.975099,0.999231,390888,75031200
9-Jan-16,0.985501,0.992345,0.973600,0.986833,226281,75001800
8-Jan-16,0.942752,0.991825,0.939715,0.986789,545600,71724000
7-Jan-16,0.955801,0.974623,0.935830,0.942005,647462,72692900
6-Jan-16,0.950028,0.960659,0.935708,0.950860,308791,72229700
5-Jan-16,0.953147,0.970597,0.946543,0.950176,219833,72442400
4-Jan-16,0.972045,0.976438,0.929835,0.954480,346245,73853900
3-Jan-16,0.938430,0.991362,0.934313,0.971905,407632,71275900
2-Jan-16,0.947401,0.969637,0.936560,0.937124,255504,71933100
1-Jan-16,0.933712,0.954822,0.931442,0.948024,206062,70870900
31-Dec-15,0.912098,0.975414,0.910277,0.933542,663994,69207400
30-Dec-15,0.874258,0.941099,0.866647,0.911958,604078,66314200
29-Dec-15,0.843835,0.873054,0.833232,0.873054,215742,63985600
28-Dec-15,0.856356,0.872394,0.832932,0.845005,235134,64913200
27-Dec-15,0.853166,0.861538,0.841151,0.856365,164565,64650000
26-Dec-15,0.870766,0.897453,0.838314,0.854603,425282,65961900
25-Dec-15,0.861993,0.882556,0.861993,0.870363,187114,65275400
24-Dec-15,0.859433,0.882818,0.847600,0.863262,354646,65060000
23-Dec-15,0.861782,0.882940,0.856065,0.858077,334993,65215800
22-Dec-15,0.894973,0.909526,0.862059,0.864202,454249,67704600
21-Dec-15,0.906065,0.917390,0.891182,0.900771,549113,68521200
20-Dec-15,0.908240,0.943185,0.899441,0.903885,472164,68663100
19-Dec-15,0.921524,0.925874,0.888916,0.908072,343535,69644200
18-Dec-15,0.938327,0.939493,0.908081,0.920127,300787,70890600
17-Dec-15,0.993043,0.997611,0.911807,0.940701,640765,74999300
16-Dec-15,1.02,1.02,0.974927,0.991182,320767,76791600
15-Dec-15,0.990589,1.03,0.982240,1.01,578618,74764100
14-Dec-15,0.956620,1.01,0.950178,0.993022,563436,72176400
13-Dec-15,0.971538,0.989394,0.937438,0.952884,273614,73276400
12-Dec-15,0.931196,1.05,0.928546,0.976973,1376280,70210000
11-Dec-15,0.839995,0.929762,0.819789,0.929762,801072,63312400
10-Dec-15,0.795590,0.861590,0.787291,0.840396,369589,59945000
9-Dec-15,0.824454,0.824454,0.770488,0.792167,624221,62098400
8-Dec-15,0.806024,0.823645,0.782328,0.822118,445903,60690400
7-Dec-15,0.836322,0.850791,0.787650,0.811264,520409,62950900
6-Dec-15,0.866417,0.882436,0.833115,0.835500,443608,65194900
5-Dec-15,0.841195,0.872821,0.824444,0.862438,232743,63276000
4-Dec-15,0.812082,0.859575,0.802373,0.840041,241278,61065700
3-Dec-15,0.818546,0.837664,0.785086,0.812143,539969,61530500
2-Dec-15,0.873171,0.878017,0.818924,0.821210,506307,65615700
1-Dec-15,0.878316,0.886736,0.853937,0.874800,652857,65980000
30-Nov-15,0.879951,0.895054,0.847696,0.873119,784439,66080400
29-Nov-15,0.914144,0.914153,0.860533,0.878614,448358,68625100
28-Nov-15,0.868102,0.929293,0.862122,0.915703,462464,65147000
27-Nov-15,0.882100,0.900051,0.860695,0.867951,403813,66174600
26-Nov-15,0.863273,0.903643,0.804360,0.884183,947473,64740900
25-Nov-15,0.893827,0.899493,0.851106,0.863537,622991,67010200
24-Nov-15,0.946442,0.948055,0.895931,0.900191,524195,70931100
23-Nov-15,0.967493,0.969057,0.933870,0.946969,441875,72484200
22-Nov-15,0.979765,0.984132,0.958982,0.968018,372173,73378800
21-Nov-15,0.928758,0.978743,0.920940,0.976140,455976,69535300
20-Nov-15,0.955735,0.955735,0.898576,0.924920,614335,71532500
19-Nov-15,0.988713,1.01,0.937498,0.955532,443528,73976100
18-Nov-15,0.993214,1.01,0.940516,0.993319,681104,74287700
17-Nov-15,0.924948,1.03,0.905794,1.01,1145440,69157900
16-Nov-15,0.906166,0.944732,0.891971,0.928962,620945,67730700
15-Nov-15,0.891217,0.921516,0.874957,0.906368,411848,66590200
14-Nov-15,0.905469,0.906113,0.876908,0.888812,372514,67631900
13-Nov-15,0.907722,0.917309,0.846023,0.904096,543671,67777000
12-Nov-15,0.796455,0.913919,0.763510,0.895711,806156,59448700
11-Nov-15,0.941296,0.945278,0.729775,0.791829,1278580,70236200
10-Nov-15,1.00,1.05,0.920968,0.934348,854581,74685300
9-Nov-15,1.03,1.11,0.945263,0.999278,2045290,76991800
8-Nov-15,0.915661,1.03,0.915661,1.03,1021460,68254300
7-Nov-15,0.923732,0.943787,0.863539,0.927974,890187,68833200
6-Nov-15,0.904772,0.989848,0.852929,0.926032,913666,67397100
5-Nov-15,0.900699,0.991259,0.860382,0.895637,1179840,67070700
4-Nov-15,1.01,1.04,0.725665,0.899050,3060340,75232400
3-Nov-15,0.994568,1.07,0.936615,1.01,1907690,74010000
2-Nov-15,1.06,1.10,0.953647,0.989789,1145200,78701400
1-Nov-15,0.920847,1.08,0.899082,1.06,588913,68477200
31-Oct-15,1.05,1.06,0.900171,0.916627,673892,77800300
30-Oct-15,1.21,1.35,0.968160,1.04,2429200,89857400
29-Oct-15,1.01,1.21,0.947374,1.21,2279240,74675600
28-Oct-15,0.870938,1.06,0.807857,1.00,2373050,64676600
27-Oct-15,0.708890,0.898172,0.708890,0.869641,1846370,52624300
26-Oct-15,0.619743,0.757517,0.597098,0.731317,1089120,45991300
25-Oct-15,0.563207,0.688192,0.561383,0.616039,635384,41781300
24-Oct-15,0.539681,0.577396,0.518688,0.563590,258356,40022100
23-Oct-15,0.566370,0.611743,0.504284,0.539657,878822,41986400
22-Oct-15,0.444988,0.619466,0.420991,0.567702,924822,32977300
21-Oct-15,0.431589,0.482988,0.420897,0.447329,609085,31973600
20-Oct-15,0.489629,0.501898,0.431648,0.434829,383921,36261200
19-Oct-15,0.517621,0.521546,0.480994,0.489014,243742,38321300
18-Oct-15,0.547913,0.552234,0.512861,0.517734,133690,40550400
17-Oct-15,0.534117,0.563460,0.526961,0.547178,313860,39515900
16-Oct-15,0.562593,0.568861,0.522533,0.536495,249891,41608900
15-Oct-15,0.523278,0.572714,0.514730,0.561878,371022,38688300
14-Oct-15,0.612240,0.612240,0.483974,0.522968,971664,45250600
13-Oct-15,0.627943,0.630240,0.599214,0.607655,303044,46395200
12-Oct-15,0.634515,0.657789,0.626030,0.626030,109567,46864200
11-Oct-15,0.627461,0.639506,0.618335,0.634963,102128,46327500
10-Oct-15,0.641187,0.649022,0.624374,0.627857,141555,47325200
9-Oct-15,0.655084,0.692296,0.632116,0.650628,386420,48334900
8-Oct-15,0.609501,0.633138,0.591971,0.621716,310266,44955900
7-Oct-15,0.650515,0.656301,0.602423,0.609388,218327,47964700
6-Oct-15,0.622218,0.653944,0.606230,0.650645,262674,45863300
5-Oct-15,0.666784,0.674438,0.624450,0.628643,234263,49131600
4-Oct-15,0.686343,0.693126,0.660716,0.668379,103497,50556000
3-Oct-15,0.678783,0.709204,0.675482,0.687171,163326,49981900
2-Oct-15,0.683732,0.691120,0.654605,0.678574,219318,50328700
1-Oct-15,0.734307,0.734307,0.655906,0.690215,596084,54032300
30-Sep-15,0.661192,0.746722,0.635861,0.738644,619926,48636600
29-Sep-15,0.579414,0.675830,0.558346,0.661146,913992,42607700
28-Sep-15,0.723715,0.725677,0.557062,0.582886,1320890,53201800
27-Sep-15,0.791277,0.791277,0.719169,0.720839,413801,58149600
26-Sep-15,0.737630,0.787544,0.709328,0.785964,369620,54188900
25-Sep-15,0.820031,0.825665,0.712745,0.736223,903457,60221400
24-Sep-15,0.896796,0.908571,0.793460,0.813610,842505,65836400
23-Sep-15,0.903560,0.908910,0.885136,0.893406,200541,66309600
22-Sep-15,0.919337,0.919337,0.865225,0.901796,487914,67444200
21-Sep-15,0.941496,0.957326,0.878301,0.919047,424039,69045900
20-Sep-15,0.881191,0.947741,0.873205,0.938445,508314,64600000
19-Sep-15,0.849603,0.911883,0.833784,0.882391,386988,62262700
18-Sep-15,0.874574,0.888102,0.833908,0.853685,484622,64071300
17-Sep-15,0.906865,0.909204,0.831132,0.874231,897940,66415200
16-Sep-15,0.941977,0.952698,0.901639,0.907175,615593,68963300
15-Sep-15,0.875189,1.05,0.875189,0.944410,703390,64052400
14-Sep-15,0.940566,0.949387,0.871760,0.875622,741085,68814400
13-Sep-15,1.04,1.04,0.902832,0.936003,644138,76193600
12-Sep-15,0.987228,1.11,0.969780,1.04,772430,72179000
11-Sep-15,1.16,1.17,0.940675,0.982978,1942600,85144300
10-Sep-15,1.21,1.22,1.14,1.17,662782,88230500
9-Sep-15,1.24,1.26,1.20,1.21,366748,90518300
8-Sep-15,1.25,1.28,1.23,1.24,427892,91020700
7-Sep-15,1.30,1.31,1.24,1.25,489014,94585300
6-Sep-15,1.34,1.37,1.29,1.30,491968,97625500
5-Sep-15,1.28,1.34,1.27,1.34,448453,93402300
4-Sep-15,1.26,1.30,1.24,1.27,474391,92234100
3-Sep-15,1.30,1.31,1.21,1.26,702991,94418700
2-Sep-15,1.35,1.35,1.26,1.29,883769,98504600
1-Sep-15,1.35,1.39,1.34,1.35,778862,98617200
31-Aug-15,1.32,1.40,1.20,1.36,1447180,96251000
30-Aug-15,1.18,1.37,1.17,1.32,1337650,86145900
29-Aug-15,1.19,1.21,1.15,1.18,375377,86887600
28-Aug-15,1.15,1.21,1.12,1.19,721872,83521700
27-Aug-15,1.17,1.19,1.14,1.15,686662,85106100
26-Aug-15,1.13,1.20,1.06,1.16,1056750,82384400
25-Aug-15,1.23,1.24,1.13,1.14,1307180,89321900
24-Aug-15,1.35,1.36,1.23,1.23,924920,97791600
23-Aug-15,1.38,1.41,1.30,1.35,1589300,99894500
22-Aug-15,1.40,1.48,1.35,1.38,948310,101404000
21-Aug-15,1.48,1.56,1.35,1.40,2020970,107266000
20-Aug-15,1.25,1.53,1.25,1.46,2843760,90809000
19-Aug-15,1.17,1.32,1.17,1.26,1486240,84663900
18-Aug-15,1.22,1.33,1.09,1.09,1485680,88143200
17-Aug-15,1.58,1.58,1.19,1.20,1942830,95819700
16-Aug-15,1.68,1.70,1.09,1.57,3550790,102028000
15-Aug-15,1.80,1.88,1.57,1.69,2554360,109160000
14-Aug-15,1.81,2.26,1.75,1.83,4637030,109594000
13-Aug-15,1.22,1.97,1.17,1.83,4068680,73935400
12-Aug-15,1.06,1.29,0.883608,1.22,2150620,64018400
11-Aug-15,0.708087,1.13,0.663235,1.07,1463100,42796500
10-Aug-15,0.713989,0.729854,0.636546,0.708448,405283,43130000
9-Aug-15,0.706136,0.879810,0.629191,0.701897,532170,42637600
8-Aug-15,2.79,2.80,0.714725,0.753325,674188,167911000
7-Aug-15,2.83,3.54,2.52,2.77,164329,0
